<?xml version="1.0" encoding="UTF-8"?>
<project-private xmlns="http://www.netbeans.org/ns/project-private/1">
    <editor-bookmarks xmlns="http://www.netbeans.org/ns/editor-bookmarks/2" lastBookmarkId="0"/>
    <open-files xmlns="http://www.netbeans.org/ns/projectui-open-files/2">
        <group>
            <file>file:/Users/Rycemond/Documents/UPitts/CS2510%20Operating%20System/P1/Project1/CS2510/PushUp1.0/src/Server1/Server1.java</file>
            <file>file:/Users/Rycemond/Documents/UPitts/CS2510%20Operating%20System/P1/Project1/CS2510/PushUp1.0/src/Server1/ActivityHandler.java</file>
            <file>file:/Users/Rycemond/Documents/UPitts/CS2510%20Operating%20System/P1/Project1/CS2510/PushUp1.0/src/Server1/PeerHandle.java</file>
            <file>file:/Users/Rycemond/Documents/UPitts/CS2510%20Operating%20System/P1/Project1/CS2510/PushUp1.0/src/Client/RunWriteClient6.java</file>
            <file>file:/Users/Rycemond/Documents/UPitts/CS2510%20Operating%20System/P1/Project1/CS2510/PushUp1.0/src/Server1/PeerServer.java</file>
            <file>file:/Users/Rycemond/Documents/UPitts/CS2510%20Operating%20System/P1/Project1/CS2510/PushUp1.0/src/Client/RunReadClient8.java</file>
            <file>file:/Users/Rycemond/Documents/UPitts/CS2510%20Operating%20System/P1/Project1/CS2510/PushUp1.0/src/Client/RunClient.java</file>
            <file>file:/Users/Rycemond/Documents/UPitts/CS2510%20Operating%20System/P1/Project1/CS2510/PushUp1.0/src/Client/RunReadClient7.java</file>
            <file>file:/Users/Rycemond/Documents/UPitts/CS2510%20Operating%20System/P1/Project1/CS2510/PushUp1.0/src/Client/RunWriteClient3.java</file>
            <file>file:/Users/Rycemond/Documents/UPitts/CS2510%20Operating%20System/P1/Project1/CS2510/PushUp1.0/src/Client/Client1.java</file>
            <file>file:/Users/Rycemond/Documents/UPitts/CS2510%20Operating%20System/P1/Project1/CS2510/PushUp1.0/src/Client/RunReadClient10.java</file>
            <file>file:/Users/Rycemond/Documents/UPitts/CS2510%20Operating%20System/P1/Project1/CS2510/PushUp1.0/src/Initiate/InitiateServers.java</file>
            <file>file:/Users/Rycemond/Documents/UPitts/CS2510%20Operating%20System/P1/Project1/CS2510/PushUp1.0/src/Server3/PeerHandle.java</file>
            <file>file:/Users/Rycemond/Documents/UPitts/CS2510%20Operating%20System/P1/Project1/CS2510/PushUp1.0/src/Client/RunWriteClient1.java</file>
            <file>file:/Users/Rycemond/Documents/UPitts/CS2510%20Operating%20System/P1/Project1/CS2510/PushUp1.0/src/Server3/ActivityHandler.java</file>
            <file>file:/Users/Rycemond/Documents/UPitts/CS2510%20Operating%20System/P1/Project1/CS2510/PushUp1.0/src/Client/RunWriteClient4.java</file>
            <file>file:/Users/Rycemond/Documents/UPitts/CS2510%20Operating%20System/P1/Project1/CS2510/PushUp1.0/src/Client/RunWriteClient5.java</file>
            <file>file:/Users/Rycemond/Documents/UPitts/CS2510%20Operating%20System/P1/Project1/CS2510/PushUp1.0/src/Server2/ActivityHandler.java</file>
            <file>file:/Users/Rycemond/Documents/UPitts/CS2510%20Operating%20System/P1/Project1/CS2510/PushUp1.0/src/Client/RunWriteClient2.java</file>
            <file>file:/Users/Rycemond/Documents/UPitts/CS2510%20Operating%20System/P1/Project1/CS2510/PushUp1.0/src/Server2/ClientHandle.java</file>
            <file>file:/Users/Rycemond/Documents/UPitts/CS2510%20Operating%20System/P1/Project1/CS2510/PushUp1.0/src/Server1/ClientServer.java</file>
            <file>file:/Users/Rycemond/Documents/UPitts/CS2510%20Operating%20System/P1/Project1/CS2510/PushUp1.0/src/Client/RunReadClient9.java</file>
        </group>
    </open-files>
</project-private>
